<?xml version="1.0" encoding="UTF-8" standalone="yes"?>
<addon id="repository.enigma" name="Conrads Builds Repo" version="0.0.1" provider-name="Conrads Builds">
	<extension point="xbmc.addon.repository" name="Conrads Builds Repo">
		<dir>
			<info compressed="false">https://raw.githubusercontent.com/noobsandnerds/modules4all/master/zips/addons.xml</info>
			<checksum>https://raw.githubusercontent.com/noobsandnerds/modules4all/master/zips/addons.xml.md5</checksum>
			<datadir zip="true">https://raw.githubusercontent.com/noobsandnerds/modules4all/master/zips/</datadir>
		</dir>
		<info compressed="false">https://raw.githubusercontent.com/conradsbuilds/repository.enigma/master/zips/addons.xml</info>
		<checksum>https://raw.githubusercontent.com/conradsbuilds/repository.enigma/master/zips/addons.xml.md5</checksum>
		<datadir zip="true">https://raw.githubusercontent.com/conradsbuilds/repository.enigma/master/zips/</datadir>
	</extension>
	<extension point="xbmc.addon.metadata">
		<summary lang="en">Repo For Builds/Addons Created By Conrads Builds</summary>
		<description lang="en">Repo For Builds/Addons Created By Conrads Builds</description>
		<genre>livetv,wizard,uk,usa</genre>
	</extension>
</addon>